Filings,Date
8-K,2018-10-17
SC 13G/A,2018-10-10
8-K,2018-10-02
8-K,2018-10-01
8-K,2018-09-07
8-K,2018-08-21
8-K,2018-08-14
10-Q,2018-08-06
8-K,2018-08-01
8-K,2018-07-30
8-K,2018-07-02
8-K,2018-07-02
8-K,2018-06-06
PX14A6G,2018-06-04
SD,2018-05-29
DEFA14A,2018-05-29
PX14A6G,2018-05-29
PX14A6G,2018-05-23
PX14A6G,2018-05-18
PX14A6G,2018-05-14
PX14A6G,2018-05-09
10-Q,2018-05-07
8-K,2018-05-02
DEFA14A,2018-04-26
DEF 14A,2018-04-26
8-K,2018-04-03
8-K,2018-03-21
DEFA14A,2018-03-13
8-K,2018-03-08
DEFA14A,2018-03-02
DEFA14A,2018-02-27
S-8,2018-02-23
10-K,2018-02-23
SC 13G/A,2018-02-14
SC 13G/A,2018-02-14
SC 13G/A,2018-02-13
SC 13G/A,2018-02-12
8-K,2018-02-09
8-K,2018-02-08
CT ORDER,2018-02-08
DEF 14A,2018-02-08
8-K,2018-02-07
SC 13G/A,2018-01-24
PRE 14A,2018-01-23
8-K,2018-01-23
DEFA14A,2018-01-23
8-K,2018-01-03
CT ORDER,2017-12-14
S-3ASR,2017-11-07
10-Q,2017-11-03
8-K,2017-11-01
8-K,2017-10-20
8-K,2017-10-02
CT ORDER,2017-09-13
8-K,2017-08-23
8-K,2017-08-11
10-Q,2017-08-04
8-K,2017-08-02
8-K,2017-07-17
8-K,2017-07-07
8-K,2017-07-03
8-K,2017-06-29
8-K,2017-06-23
CT ORDER,2017-06-22
8-K,2017-06-08
UPLOAD,2017-06-07
8-K,2017-06-01
SD,2017-05-30
PX14A6G,2017-05-25
CORRESP,2017-05-24
10-Q,2017-05-10
8-K,2017-05-03
UPLOAD,2017-05-02
DEFA14A,2017-04-20
DEF 14A,2017-04-20
8-K,2017-04-03
8-K,2017-03-30
SC 13G,2017-03-28
8-K,2017-03-22
8-K,2017-03-17
424B5,2017-03-17
424B5,2017-03-17
FWP,2017-03-17
8-K,2017-03-15
424B5,2017-03-15
424B5,2017-03-15
S-8,2017-03-01
10-K,2017-03-01
8-K,2017-02-24
8-K,2017-02-22
NO ACT,2017-02-14
SC 13G/A,2017-02-14
SC 13G/A,2017-02-10
SC 13G/A,2017-02-09
SC 13G/A,2017-02-07
8-K,2017-02-01
8-K,2017-01-03
8-K,2016-12-20
CT ORDER,2016-12-09
8-K/A,2016-12-05
POS AM,2016-11-21
424B5,2016-11-21
424B5,2016-11-21
8-K,2016-11-21
8-K,2016-11-18
8-K,2016-11-14
425,2016-11-14
425,2016-11-09
425,2016-11-07
425,2016-11-03
425,2016-11-02
10-Q,2016-11-02
425,2016-11-01
425,2016-10-31
425,2016-10-31
425,2016-10-27
425,2016-10-26
8-K,2016-10-26
425,2016-10-25
425,2016-10-21
UPLOAD,2016-10-13
EFFECT,2016-10-12 09:00:00
425,2016-10-12
424B3,2016-10-12
CORRESP,2016-10-12
CT ORDER,2016-10-12
CT ORDER,2016-10-12
CORRESP,2016-10-11
8-K,2016-10-11
S-4/A,2016-10-11
CORRESP,2016-10-07
S-4/A,2016-10-07
UPLOAD,2016-10-06
8-K,2016-10-03
CORRESP,2016-09-29
S-4/A,2016-09-29
UPLOAD,2016-09-23
8-K,2016-09-23
S-4/A,2016-09-20
UPLOAD,2016-09-19
CORRESP,2016-09-19
S-4/A,2016-09-19
425,2016-09-08
8-K,2016-09-07
S-4,2016-08-31
10-Q,2016-08-05
8-K,2016-08-05
8-K,2016-08-03
425,2016-08-02
8-K,2016-08-01
425,2016-08-01
425,2016-07-21
8-K,2016-07-05
425,2016-06-23
8-K,2016-06-21
425,2016-06-21
8-K,2016-06-03
SD,2016-05-27
8-K,2016-05-25
8-K,2016-05-24
424B5,2016-05-20
424B5,2016-05-18
S-3ASR,2016-05-18
10-Q,2016-05-10
8-K,2016-05-04
DEFA14A,2016-04-15
DEF 14A,2016-04-15
8-K,2016-04-04
8-K,2016-03-11
S-8,2016-02-24
10-K,2016-02-24
CT ORDER,2016-02-23
SC 13G/A,2016-02-12
SC 13G,2016-02-12
SC 13G/A,2016-02-12
SC 13G,2016-02-11
8-K,2016-02-10
SC 13G/A,2016-01-11
8-K,2016-01-04
10-Q,2015-11-05
8-K,2015-11-04
8-K,2015-11-03
CT ORDER,2015-11-02
8-K,2015-10-02
CT ORDER,2015-09-16
8-K,2015-08-19
424B5,2015-08-14
424B5,2015-08-13
10-Q,2015-08-07
8-K,2015-08-05
8-K,2015-07-02
8-K,2015-06-12
8-K,2015-06-10
SD,2015-05-29
10-Q,2015-05-11
8-K,2015-05-06
ARS,2015-04-27
DEFA14A,2015-04-22
DEF 14A,2015-04-22
8-K,2015-04-03
8-K,2015-03-06
10-K,2015-02-26
CT ORDER,2015-02-24
SC 13G/A,2015-02-13
SC 13G/A,2015-02-13
SC 13G,2015-02-13
8-K,2015-02-11
UPLOAD,2015-01-30
CORRESP,2015-01-22
UPLOAD,2014-12-18
10-Q,2014-11-07
8-K,2014-11-05
8-K,2014-10-03
S-8,2014-08-08
10-Q,2014-08-08
8-K,2014-08-06
8-K,2014-08-01
8-K,2014-07-31
8-K,2014-06-06
SD,2014-06-02
10-Q,2014-05-09
8-K,2014-05-07
ARS,2014-05-02
DEFA14A,2014-04-24
DEF 14A,2014-04-24
CT ORDER,2014-04-24
8-K,2014-04-03
8-K,2014-03-05
424B5,2014-02-28
FWP,2014-02-28
8-K,2014-02-26
8-K,2014-02-26
424B5,2014-02-26
10-K,2014-02-26
8-K,2014-02-19
SC 13G/A,2014-02-14
SC 13G/A,2014-02-14
SC 13G/A,2014-02-13
UPLOAD,2014-01-27
8-K,2014-01-15
CORRESP,2013-12-30
UPLOAD,2013-12-05
10-Q,2013-11-08
8-K,2013-11-05
8-K,2013-10-30
SC 13G/A,2013-10-10
10-Q,2013-08-09
8-K,2013-08-07
D,2013-06-13
8-K,2013-06-06
8-K,2013-05-30
8-K,2013-05-22
8-K,2013-05-20
424B5,2013-05-17
424B5,2013-05-17
FWP,2013-05-17
424B5,2013-05-15
424B5,2013-05-15
8-K,2013-05-15
S-3ASR,2013-05-15
10-Q,2013-05-10
8-K,2013-05-08
ARS,2013-04-18
DEFA14A,2013-04-17
DEF 14A,2013-04-17
8-K,2013-04-01
CT ORDER,2013-03-15
S-8,2013-03-07
10-K,2013-03-07
8-K,2013-03-07
NT 10-K,2013-03-04
8-K,2013-02-20
SC 13G/A,2013-02-14
SC 13G/A,2013-02-14
SC 13G,2013-02-13
CT ORDER,2013-02-01
8-K,2012-12-18
SC 13G/A,2012-12-06
10-Q,2012-11-07
8-K,2012-11-05
424B5,2012-09-28
POSASR,2012-09-28
CT ORDER,2012-09-25
8-K,2012-09-25
424B5,2012-09-25
S-3ASR,2012-09-25
CT ORDER,2012-09-21
SC 13G/A,2012-08-16
S-8,2012-08-02
10-Q,2012-08-02
8-K,2012-07-25
CT ORDER,2012-06-13
8-K,2012-06-08
CT ORDER,2012-06-06
CT ORDER,2012-06-05
CT ORDER,2012-05-17
10-Q,2012-05-10
8-K,2012-05-09
ARS,2012-04-18
DEFA14A,2012-04-13
DEF 14A,2012-04-13
10-K/A,2012-03-28
8-K,2012-03-26
10-K,2012-02-27
8-K,2012-02-15
SC 13G/A,2012-02-14
SC 13G/A,2012-02-14
SC 13G/A,2012-02-14
SC 13G/A,2012-02-14
SC 13G,2012-02-09
SC 13G/A,2012-02-08
CT ORDER,2011-12-21
10-Q,2011-11-14
8-K,2011-11-02
8-K,2011-10-11
8-K/A,2011-10-07
CT ORDER,2011-09-19
8-K,2011-08-24
10-Q,2011-08-12
8-K,2011-08-03
